{
  "model": "LightGBM",
  "best_params": {
    "colsample_bytree": 0.6089663488199486,
    "learning_rate": 0.20519828151272987,
    "max_depth": 3,
    "min_child_samples": 34,
    "n_estimators": 260,
    "num_leaves": 34,
    "reg_alpha": 0.00024845743267703905,
    "reg_lambda": 0.00110582183606524,
    "subsample": 0.6979273524679763
  },
  "train_auc": 0.7113606731504973,
  "val_auc": 0.6326882544548764,
  "test_auc": 0.6189657524901078,
  "test_accuracy": 0.608433734939759,
  "baseline_accuracy": 0.5256024096385542,
  "num_games": 4426,
  "num_features": 98
}