{
  "train_auc": 0.49739557091705466,
  "val_auc": 0.5836254427283019,
  "test_auc": 0.5548838053740014,
  "test_accuracy": 0.5587349397590361,
  "baseline_accuracy": 0.5120481927710844,
  "training_time": 1.6648836135864258,
  "n_games": 4426,
  "best_params": {
    "hidden_1": 224,
    "hidden_2": 128,
    "hidden_3": 40,
    "dropout": 0.37684750494811436,
    "lr": 0.005847178791477058,
    "weight_decay": 4.713344669281085e-05,
    "batch_size": 128
  }
}