{
  "model": "Random Forest",
  "best_params": {
    "n_estimators": 400,
    "max_depth": 1,
    "min_samples_split": 14,
    "min_samples_leaf": 2,
    "max_features": 0.5
  },
  "train_auc": 0.6410652678775187,
  "val_auc": 0.6148413762899296,
  "test_auc": 0.6266703051803338,
  "test_accuracy": 0.5647590361445783,
  "baseline_accuracy": 0.5256024096385542,
  "num_games": 4426,
  "num_features": 98
}